category	mean	max	min	mediane	variance
contribution	81.44444444444444	140	43	64	1302.2777777777778
strenghts	99.44444444444444	265	11	81	9007.777777777777
weakness	94.88888888888889	235	33	71	4433.861111111111
repro	44.666666666666664	161	3	12	3852.5
detailed	105.77777777777777	279	4	66	8533.944444444445
justifictation	57.666666666666664	136	4	52	1381.25
total	483.8888888888889	1165	195	458	107477.11111111111
