For 270 reviews;number;percent;ci low;ci high
Models and algorithms;78.0;28.89;23.87222222222222;34.81481481481482
Datasets;90.0;33.33;28.14814814814815;38.888888888888886
Code;126.0;46.67;40.74074074074074;52.592592592592595
Experimental results;69.0;25.56;20.37037037037037;30.74074074074074
Error bars or statistical significance;5.0;1.85;0.37037037037037035;3.7037037037037037
Code is or will be available;63.0;23.33;17.946296296296296;28.51851851851852
