For 270 reviews;number;percent;ci low;ci high
Models and algorithms;78.0;28.89;23.333333333333332;34.44444444444444
Datasets;90.0;33.33;27.77777777777778;39.25925925925926
Code;126.0;46.67;40.74074074074074;52.592592592592595
Experimental results;69.0;25.56;20.54722222222222;30.749999999999993
Error bars or statistical significance;5.0;1.85;0.37037037037037035;3.7037037037037037
Code is or will be available;63.0;23.33;18.14814814814815;28.52777777777777
