For 270 reviews;number;percent;ci low;ci high
Models and algorithms;78.0;28.89;22.962962962962962;34.46296296296295
Datasets;90.0;33.33;27.77777777777778;39.25925925925926
Code;126.0;46.67;41.111111111111114;52.592592592592595
Experimental results;69.0;25.56;20.0;30.37037037037037
Error bars or statistical significance;5.0;1.85;0.37037037037037035;3.3333333333333335
Code is or will be available;63.0;23.33;18.51851851851852;28.14814814814815
