For 270 reviews;number;percent;ci low;ci high
Models and algorithms;78.0;28.89;23.510185185185183;34.08333333333333
Datasets;90.0;33.33;27.77777777777778;38.888888888888886
Code;126.0;46.67;40.74074074074074;52.96296296296296
Experimental results;69.0;25.56;20.37037037037037;30.749999999999993
Error bars or statistical significance;5.0;1.85;0.37037037037037035;3.3333333333333335
Code is or will be available;63.0;23.33;18.51851851851852;28.51851851851852
