For 270 reviews;number;percent;ci low;ci high
Models and algorithms;78.0;28.89;23.50185185185185;34.44444444444444
Datasets;90.0;33.33;27.40740740740741;38.51851851851852
Code;126.0;46.67;40.74074074074074;53.333333333333336
Experimental results;69.0;25.56;20.37037037037037;30.74074074074074
Error bars or statistical significance;5.0;1.85;0.37037037037037035;3.7037037037037037
Code is or will be available;63.0;23.33;18.51851851851852;28.51851851851852
