category	mean	max	min	mediane	variance
contribution	55.16288539848749	162	0	50	806.4728708314456
strenghts	49.37696335078534	302	0	42	1108.3630545685048
weakness	88.18673647469458	507	0	64	6283.333560879873
repro	22.255962769051774	382	0	15	773.2638977774257
detailed	113.87085514834206	1261	0	74	15912.16491841847
justifictation	32.324607329842934	170	0	27	578.4044639755225
total	361.1780104712042	1759	0	317	39911.37923678452
